fold,auc
1,0.5588235294117647
2,0.7794117647058824
3,0.5875
4,0.775
5,0.75
